{
  "episodes": [
    1,
    2,
    3,
    4,
    5,
    6,
    7,
    8,
    9,
    10,
    11,
    12,
    13,
    14,
    15,
    16,
    17,
    18,
    19,
    20,
    21,
    22,
    23,
    24,
    25,
    26,
    27,
    28,
    29,
    30,
    31,
    32,
    33,
    34,
    35,
    36,
    37,
    38,
    39,
    40,
    41,
    42,
    43,
    44,
    45,
    46,
    47,
    48,
    49,
    50,
    51,
    52,
    53,
    54,
    55,
    56,
    57,
    58,
    59,
    60,
    61,
    62,
    63,
    64,
    65,
    66,
    67,
    68,
    69,
    70,
    71,
    72,
    73,
    74,
    75,
    76,
    77,
    78,
    79,
    80
  ],
  "rewards": [
    -25.080000326037407,
    -23.340000301599503,
    -25.220000322908163,
    -23.160000305622816,
    -15.24000022932887,
    -11.320000190287828,
    -29.060000363737345,
    -17.220000248402357,
    -22.98000030964613,
    -13.080000214278698,
    -19.060000270605087,
    -7.020000159740448,
    -13.040000215172768,
    -27.420000337064266,
    -13.220000211149454,
    -17.16000024974346,
    -33.320000395178795,
    -35.18000041693449,
    -27.220000341534615,
    -11.340000189840794,
    -21.280000284314156,
    -19.22000026702881,
    -29.300000358372927,
    -25.260000322014093,
    -19.400000263005495,
    -33.280000396072865,
    -29.420000355690718,
    -39.28000045195222,
    -39.40000044927001,
    -41.42000046744943,
    -43.140000492334366,
    -23.18000030517578,
    -25.200000323355198,
    -107.28000039607286,
    -51.20000056549907,
    -1.3000000976026058,
    -53.28000058233738,
    -49.120000548660755,
    -24.94000032916665,
    -67.24000071361661,
    -53.06000058725476,
    -41.100000474601984,
    -37.10000043734908,
    -69.22000036016107,
    -57.0400006249547,
    -58.98000064492226,
    -43.34000048786402,
    -55.32000060006976,
    -61.26000065729022,
    -63.14000067859888,
    -45.16000051051378,
    -57.16000062227249,
    -73.42000043019652,
    -53.14000058546662,
    -61.200000658631325,
    -69.08000073581934,
    -83.0800008662045,
    -77.34000071138144,
    -59.360000636428595,
    -87.22000090032816,
    -117.1400003619492,
    -71.22000075131655,
    -69.30000073090196,
    -53.4400005787611,
    -57.22000062093139,
    -65.18000069633126,
    -37.18000043556094,
    -83.34000086039305,
    -69.58000072464347,
    -83.52000085636973,
    -63.34000067412853,
    -75.3600007854402,
    -81.38000084087253,
    -75.32000078633428,
    -83.44000085815787,
    -35.44000041112304,
    -91.36000093445182,
    -87.22000090032816,
    -55.36000059917569,
    -79.18000082671642
  ],
  "steps": [
    500,
    500,
    500,
    500,
    500,
    500,
    500,
    500,
    500,
    500,
    485,
    491,
    500,
    500,
    500,
    490,
    500,
    484,
    500,
    500,
    500,
    496,
    499,
    500,
    500,
    486,
    500,
    500,
    500,
    476,
    500,
    500,
    478,
    500,
    498,
    500,
    500,
    497,
    500,
    481,
    500,
    500,
    490,
    500,
    490,
    500,
    500,
    500,
    500,
    496,
    500,
    500,
    480,
    500,
    500,
    493,
    500,
    500,
    500,
    500,
    500,
    500,
    500,
    500,
    494,
    500,
    499,
    500,
    500,
    500,
    500,
    500,
    500,
    500,
    500,
    500,
    500,
    500,
    500,
    500
  ],
  "losses": [
    0.5518437605975196,
    0.5517562606014311,
    0.6130250117810443,
    0.3681250070547686,
    0.24545625470140955,
    0.6129500117843971,
    0.6130875117782504,
    0.12320625232933095,
    0.3068187558768316,
    0.4906250094156712,
    0.5518500105972401,
    0.24551250469889496,
    0.36813750705420967,
    0.3681437570539304,
    0.4904437594237737,
    0.49058750941734763,
    0.3068000058776699,
    0.42933125823717566,
    0.42936875823549925,
    0.3067937558779494,
    0.613062511779368,
    0.5517562606014311,
    0.4292937582388521,
    0.30678750587822873,
    0.42931250823801387,
    0.4292187582422048,
    0.5516937606042251,
    0.6130250117810442,
    0.49055000941902394,
    0.5517812606003133,
    0.5518312605980785,
    0.6129625117838382,
    0.6131000117776915,
    0.6742875106559134,
    0.5517187594505958,
    0.7968375141670927,
    1.102950016617961,
    0.9193750153738074,
    0.7967750153223984,
    0.7967812630170955,
    0.9805375165581703,
    1.1031250189151616,
    1.3480937747908754,
    0.7367312629634514,
    0.674262510657031,
    1.3480937736383638,
    0.9193250176810659,
    1.286856274762377,
    1.103043771223817,
    1.4705750271526166,
    1.226781272404827,
    1.164275020100083,
    0.8580750165006146,
    1.4106375247889198,
    1.1030562700707465,
    1.1642937712517567,
    1.3481187736372462,
    1.1643312700975685,
    1.4092750271269119,
    1.4093625236654657,
    1.534287523668818,
    1.4093375213615593,
    2.0831437843440104,
    1.5317562748786062,
    1.5330812759998256,
    1.7780750295693983,
    1.1643750166380777,
    1.3480250224889254,
    1.7767875295990145,
    1.4705125260028988,
    1.2867437747674062,
    0.9193437676802279,
    1.654312531847041,
    1.5930312806679867,
    1.7155812830266541,
    1.1642500224062242,
    1.8992562865713611,
    1.593031280667987,
    1.7156562830233013,
    1.5930437806674278
  ],
  "avg_rewards": [
    -25.080000326037407,
    -24.210000313818455,
    -24.546666983515024,
    -24.200000314041972,
    -22.408000297099353,
    -20.56000027929743,
    -21.77428600564599,
    -21.205000285990536,
    -21.402222510841156,
    -20.57000028118491,
    -19.96800027564168,
    -18.336000261455773,
    -17.118000250682236,
    -17.54400025382638,
    -17.34200025200844,
    -17.926000257954,
    -18.352000261098148,
    -20.14800027795136,
    -20.57200028114021,
    -20.39800027869642,
    -20.620000280067323,
    -21.840000290796162,
    -23.466000305116175,
    -23.25000030361116,
    -23.868000308796763,
    -25.480000323429703,
    -25.090000319480897,
    -25.500000322982668,
    -26.71800033375621,
    -29.726000361517073,
    -31.912000382319093,
    -32.30800038613379,
    -31.898000382632016,
    -40.10000039003789,
    -43.28000042028725,
    -40.08200039044023,
    -42.46800041310489,
    -43.45200042277575,
    -42.00600041076541,
    -44.58800043538213,
    -45.580000444874166,
    -47.37200046181679,
    -48.56200047321617,
    -44.75600046962499,
    -45.34000047557056,
    -51.108000530302526,
    -50.114000520855186,
    -50.73400052599609,
    -54.366000558808445,
    -53.95600055530667,
    -53.16600054763258,
    -54.772000562399626,
    -58.40400056168437,
    -56.79600058421492,
    -57.21200058758259,
    -58.222000596672295,
    -62.19600063450635,
    -64.39800064563751,
    -64.20800064355134,
    -66.61600066572427,
    -73.81400065086783,
    -75.22000066377223,
    -74.80800069384277,
    -74.83800069317222,
    -74.44000068940223,
    -74.05000068545341,
    -69.46000064238906,
    -70.06000065729022,
    -71.08200066611171,
    -70.71200066171586,
    -65.3320006929338,
    -65.74600069634616,
    -66.95400070734323,
    -69.14200072810054,
    -71.76400075182319,
    -68.79000072330237,
    -74.20800077319146,
    -74.59600077718497,
    -73.17400076463818,
    -72.74000076167286
  ]
}