{
  "episodes": [
    1,
    2,
    3,
    4,
    5,
    6,
    7,
    8,
    9,
    10,
    11,
    12,
    13,
    14,
    15,
    16,
    17,
    18,
    19,
    20,
    21,
    22,
    23,
    24,
    25,
    26,
    27,
    28,
    29,
    30,
    31,
    32,
    33,
    34,
    35,
    36,
    37,
    38,
    39,
    40,
    41,
    42,
    43,
    44,
    45,
    46,
    47,
    48,
    49,
    50,
    51,
    52,
    53,
    54,
    55,
    56,
    57,
    58,
    59,
    60
  ],
  "rewards": [
    -29.46999983675778,
    -19.339999886229634,
    -21.399999875575304,
    -21.429999874904752,
    -27.389999847859144,
    -21.34999987669289,
    -37.47999979928136,
    -35.399999810382724,
    -21.519999872893095,
    -27.469999846071005,
    -29.46999983675778,
    -17.4899998921901,
    -15.489999901503325,
    -33.299999821931124,
    -13.399999912828207,
    -11.419999921694398,
    -31.349999830126762,
    -9.409999931231141,
    -17.399999894201756,
    -13.339999914169312,
    -23.36999986693263,
    -17.389999894425273,
    -19.349999886006117,
    -23.379999866709113,
    -27.319999849423766,
    -23.359999867156148,
    -19.299999887123704,
    -17.369999894872308,
    -37.309999803081155,
    -27.28999985009432,
    -21.439999874681234,
    -31.41999982856214,
    -9.389999931678176,
    -19.369999885559082,
    -9.399999931454659,
    -5.35999995097518,
    -13.36999991349876,
    -29.42999983765185,
    -31.53999982587993,
    -29.36999986693263,
    -11.479999920353293,
    -41.45999978110194,
    -31.449999827891588,
    -41.39999978244305,
    -17.479999892413616,
    -31.519999826326966,
    -17.33999989554286,
    -45.34999976493418,
    -9.379999931901693,
    -21.429999874904752,
    -27.429999846965075,
    -23.429999865591526,
    -19.27999988757074,
    -19.43999988399446,
    -25.409999856725335,
    -21.4599998742342,
    -21.469999874010682,
    -15.339999904856086,
    -21.329999877139926,
    -17.399999894201756
  ],
  "steps": [
    483,
    466,
    481,
    495,
    464,
    473,
    478,
    499,
    497,
    474,
    500,
    500,
    471,
    450,
    495,
    500,
    479,
    500,
    497,
    492,
    486,
    500,
    500,
    495,
    498,
    500,
    473,
    489,
    472,
    500,
    496,
    494,
    500,
    478,
    500,
    490,
    458,
    500,
    472,
    500,
    485,
    493,
    500,
    487,
    500,
    496,
    492,
    491,
    490,
    500,
    479,
    492,
    500,
    488,
    490,
    500,
    484,
    488,
    474,
    497
  ],
  "losses": [
    0.0,
    0.0,
    0.0,
    0.0,
    0.0,
    0.0,
    0.0,
    0.0,
    0.0,
    0.0,
    0.0,
    0.0,
    0.0,
    0.0,
    0.0,
    0.0,
    0.0,
    0.0,
    0.0,
    0.0,
    0.0,
    0.0,
    0.0,
    0.0,
    0.0,
    0.0,
    0.0,
    0.0,
    0.0,
    0.0,
    0.0,
    0.0,
    0.0,
    0.0,
    0.0,
    0.0,
    0.0,
    0.0,
    0.0,
    0.0,
    0.0,
    0.0,
    0.0,
    0.0,
    0.0,
    0.0,
    0.0,
    0.0,
    0.0,
    0.0,
    0.0,
    0.0,
    0.0,
    0.0,
    0.0,
    0.0,
    0.0,
    0.0,
    0.0,
    0.0
  ],
  "avg_rewards": [
    -29.46999983675778,
    -24.404999861493707,
    -23.403333199520905,
    -22.909999868366867,
    -23.805999864265324,
    -23.396666533003252,
    -25.408571285328694,
    -26.65749985096045,
    -26.086666520064075,
    -26.22499985266477,
    -26.22499985266477,
    -26.039999853260817,
    -25.448999855853618,
    -26.635999850556253,
    -25.23699985705316,
    -24.243999861553313,
    -23.63099986463785,
    -21.031999876722693,
    -20.61999987885356,
    -19.20699988566339,
    -18.596999888680877,
    -18.586999888904394,
    -18.97299988735467,
    -17.98099989183247,
    -19.37299988549203,
    -20.566999880038203,
    -19.361999885737895,
    -20.15799988210201,
    -22.148999872989954,
    -23.543999866582453,
    -23.350999867357313,
    -24.753999860771,
    -23.757999865338206,
    -23.3569998672232,
    -21.56499987542629,
    -19.764999883808194,
    -19.1719998864457,
    -20.377999880723657,
    -19.800999883003534,
    -20.008999884687363,
    -19.01299988925457,
    -20.01699988450855,
    -22.22299987412989,
    -24.425999863818287,
    -25.233999859914185,
    -27.84999984744936,
    -28.24699984565377,
    -29.838999838382005,
    -27.622999848984183,
    -26.828999849781393,
    -28.423999842442573,
    -26.62099985089153,
    -25.403999856859446,
    -23.207999867014586,
    -24.00099986344576,
    -22.994999868236484,
    -23.407999866083266,
    -20.406999880075453,
    -21.60199987459928,
    -21.19899987652898
  ]
}