{
  "episodes": [
    1,
    2,
    3,
    4,
    5,
    6,
    7,
    8,
    9,
    10,
    11,
    12,
    13,
    14,
    15,
    16,
    17,
    18,
    19,
    20
  ],
  "rewards": [
    -29.46999983675778,
    -19.339999886229634,
    -21.399999875575304,
    -21.429999874904752,
    -27.389999847859144,
    -21.34999987669289,
    -37.47999979928136,
    -35.399999810382724,
    -21.519999872893095,
    -27.469999846071005,
    -29.46999983675778,
    -17.4899998921901,
    -15.489999901503325,
    -33.299999821931124,
    -13.399999912828207,
    -11.419999921694398,
    -31.349999830126762,
    -9.409999931231141,
    -17.399999894201756,
    -13.339999914169312
  ],
  "steps": [
    483,
    466,
    481,
    495,
    464,
    473,
    478,
    499,
    497,
    474,
    500,
    500,
    471,
    450,
    495,
    500,
    479,
    500,
    497,
    492
  ],
  "losses": [
    0.0,
    0.0,
    0.0,
    0.0,
    0.0,
    0.0,
    0.0,
    0.0,
    0.0,
    0.0,
    0.0,
    0.0,
    0.0,
    0.0,
    0.0,
    0.0,
    0.0,
    0.0,
    0.0,
    0.0
  ],
  "avg_rewards": [
    -29.46999983675778,
    -24.404999861493707,
    -23.403333199520905,
    -22.909999868366867,
    -23.805999864265324,
    -23.396666533003252,
    -25.408571285328694,
    -26.65749985096045,
    -26.086666520064075,
    -26.22499985266477,
    -26.22499985266477,
    -26.039999853260817,
    -25.448999855853618,
    -26.635999850556253,
    -25.23699985705316,
    -24.243999861553313,
    -23.63099986463785,
    -21.031999876722693,
    -20.61999987885356,
    -19.20699988566339
  ]
}