{
  "episodes": [
    1,
    2,
    3,
    4,
    5,
    6,
    7,
    8,
    9,
    10,
    11,
    12,
    13,
    14,
    15,
    16,
    17,
    18,
    19,
    20
  ],
  "rewards": [
    -25.080000326037407,
    -23.340000301599503,
    -25.220000322908163,
    -23.160000305622816,
    -15.24000022932887,
    -11.320000190287828,
    -29.060000363737345,
    -17.220000248402357,
    -22.98000030964613,
    -13.080000214278698,
    -19.060000270605087,
    -7.020000159740448,
    -13.040000215172768,
    -27.420000337064266,
    -13.220000211149454,
    -17.16000024974346,
    -33.320000395178795,
    -35.18000041693449,
    -27.220000341534615,
    -11.340000189840794
  ],
  "steps": [
    500,
    500,
    500,
    500,
    500,
    500,
    500,
    500,
    500,
    500,
    485,
    491,
    500,
    500,
    500,
    490,
    500,
    484,
    500,
    500
  ],
  "losses": [
    0.5518437605975196,
    0.5517562606014311,
    0.6130250117810443,
    0.3681250070547686,
    0.24545625470140955,
    0.6129500117843971,
    0.6130875117782504,
    0.12320625232933095,
    0.3068187558768316,
    0.4906250094156712,
    0.5518500105972401,
    0.24551250469889496,
    0.36813750705420967,
    0.3681437570539304,
    0.4904437594237737,
    0.49058750941734763,
    0.3068000058776699,
    0.42933125823717566,
    0.42936875823549925,
    0.3067937558779494
  ],
  "avg_rewards": [
    -25.080000326037407,
    -24.210000313818455,
    -24.546666983515024,
    -24.200000314041972,
    -22.408000297099353,
    -20.56000027929743,
    -21.77428600564599,
    -21.205000285990536,
    -21.402222510841156,
    -20.57000028118491,
    -19.96800027564168,
    -18.336000261455773,
    -17.118000250682236,
    -17.54400025382638,
    -17.34200025200844,
    -17.926000257954,
    -18.352000261098148,
    -20.14800027795136,
    -20.57200028114021,
    -20.39800027869642
  ]
}