{
  "episodes": [
    1,
    2,
    3,
    4,
    5,
    6,
    7,
    8,
    9,
    10,
    11,
    12,
    13,
    14,
    15,
    16,
    17,
    18,
    19,
    20,
    21,
    22,
    23,
    24,
    25,
    26,
    27,
    28,
    29,
    30,
    31,
    32,
    33,
    34,
    35,
    36,
    37,
    38,
    39,
    40
  ],
  "rewards": [
    -25.080000326037407,
    -23.340000301599503,
    -25.220000322908163,
    -23.160000305622816,
    -15.24000022932887,
    -11.320000190287828,
    -29.060000363737345,
    -17.220000248402357,
    -22.98000030964613,
    -13.080000214278698,
    -19.060000270605087,
    -7.020000159740448,
    -13.040000215172768,
    -27.420000337064266,
    -13.220000211149454,
    -17.16000024974346,
    -33.320000395178795,
    -35.18000041693449,
    -27.220000341534615,
    -11.340000189840794,
    -21.280000284314156,
    -19.22000026702881,
    -29.300000358372927,
    -25.260000322014093,
    -19.400000263005495,
    -33.280000396072865,
    -29.420000355690718,
    -39.28000045195222,
    -39.40000044927001,
    -41.42000046744943,
    -43.140000492334366,
    -23.18000030517578,
    -25.200000323355198,
    -107.28000039607286,
    -51.20000056549907,
    -1.3000000976026058,
    -53.28000058233738,
    -49.120000548660755,
    -24.94000032916665,
    -67.24000071361661
  ],
  "steps": [
    500,
    500,
    500,
    500,
    500,
    500,
    500,
    500,
    500,
    500,
    485,
    491,
    500,
    500,
    500,
    490,
    500,
    484,
    500,
    500,
    500,
    496,
    499,
    500,
    500,
    486,
    500,
    500,
    500,
    476,
    500,
    500,
    478,
    500,
    498,
    500,
    500,
    497,
    500,
    481
  ],
  "losses": [
    0.5518437605975196,
    0.5517562606014311,
    0.6130250117810443,
    0.3681250070547686,
    0.24545625470140955,
    0.6129500117843971,
    0.6130875117782504,
    0.12320625232933095,
    0.3068187558768316,
    0.4906250094156712,
    0.5518500105972401,
    0.24551250469889496,
    0.36813750705420967,
    0.3681437570539304,
    0.4904437594237737,
    0.49058750941734763,
    0.3068000058776699,
    0.42933125823717566,
    0.42936875823549925,
    0.3067937558779494,
    0.613062511779368,
    0.5517562606014311,
    0.4292937582388521,
    0.30678750587822873,
    0.42931250823801387,
    0.4292187582422048,
    0.5516937606042251,
    0.6130250117810442,
    0.49055000941902394,
    0.5517812606003133,
    0.5518312605980785,
    0.6129625117838382,
    0.6131000117776915,
    0.6742875106559134,
    0.5517187594505958,
    0.7968375141670927,
    1.102950016617961,
    0.9193750153738074,
    0.7967750153223984,
    0.7967812630170955
  ],
  "avg_rewards": [
    -25.080000326037407,
    -24.210000313818455,
    -24.546666983515024,
    -24.200000314041972,
    -22.408000297099353,
    -20.56000027929743,
    -21.77428600564599,
    -21.205000285990536,
    -21.402222510841156,
    -20.57000028118491,
    -19.96800027564168,
    -18.336000261455773,
    -17.118000250682236,
    -17.54400025382638,
    -17.34200025200844,
    -17.926000257954,
    -18.352000261098148,
    -20.14800027795136,
    -20.57200028114021,
    -20.39800027869642,
    -20.620000280067323,
    -21.840000290796162,
    -23.466000305116175,
    -23.25000030361116,
    -23.868000308796763,
    -25.480000323429703,
    -25.090000319480897,
    -25.500000322982668,
    -26.71800033375621,
    -29.726000361517073,
    -31.912000382319093,
    -32.30800038613379,
    -31.898000382632016,
    -40.10000039003789,
    -43.28000042028725,
    -40.08200039044023,
    -42.46800041310489,
    -43.45200042277575,
    -42.00600041076541,
    -44.58800043538213
  ]
}